Date,Source,Site ID,POC,Daily Max 8-hour Ozone Concentration,Units,Daily AQI Value,Local Site Name,Daily Obs Count,Percent Complete,AQS Parameter Code,AQS Parameter Description,Method Code,CBSA Code,CBSA Name,State FIPS Code,State,County FIPS Code,County,Site Latitude,Site Longitude
1/1/2023,AQS,80050006,1,0.04,ppm,37,Aurora East,17,100,44201,Ozone,87,19740,"Denver-Aurora-Lakewood, CO",8,Colorado,5,Arapahoe,39.638522,-104.569335
1/2/2023,AQS,80050006,1,0.037,ppm,34,Aurora East,17,100,44201,Ozone,87,19740,"Denver-Aurora-Lakewood, CO",8,Colorado,5,Arapahoe,39.638522,-104.569335
1/3/2023,AQS,80050006,1,0.042,ppm,39,Aurora East,17,100,44201,Ozone,87,19740,"Denver-Aurora-Lakewood, CO",8,Colorado,5,Arapahoe,39.638522,-104.569335
1/4/2023,AQS,80050006,1,0.044,ppm,41,Aurora East,17,100,44201,Ozone,87,19740,"Denver-Aurora-Lakewood, CO",8,Colorado,5,Arapahoe,39.638522,-104.569335
1/5/2023,AQS,80050006,1,0.05,ppm,46,Aurora East,17,100,44201,Ozone,87,19740,"Denver-Aurora-Lakewood, CO",8,Colorado,5,Arapahoe,39.638522,-104.569335
1/6/2023,AQS,80050006,1,0.042,ppm,39,Aurora East,17,100,44201,Ozone,87,19740,"Denver-Aurora-Lakewood, CO",8,Colorado,5,Arapahoe,39.638522,-104.569335
1/7/2023,AQS,80050006,1,0.05,ppm,46,Aurora East,17,100,44201,Ozone,87,19740,"Denver-Aurora-Lakewood, CO",8,Colorado,5,Arapahoe,39.638522,-104.569335
1/8/2023,AQS,80050006,1,0.051,ppm,47,Aurora East,17,100,44201,Ozone,87,19740,"Denver-Aurora-Lakewood, CO",8,Colorado,5,Arapahoe,39.638522,-104.569335
1/9/2023,AQS,80050006,1,0.047,ppm,44,Aurora East,17,100,44201,Ozone,87,19740,"Denver-Aurora-Lakewood, CO",8,Colorado,5,Arapahoe,39.638522,-104.569335
1/10/2023,AQS,80050006,1,0.04,ppm,37,Aurora East,17,100,44201,Ozone,87,19740,"Denver-Aurora-Lakewood, CO",8,Colorado,5,Arapahoe,39.638522,-104.569335
1/11/2023,AQS,80050006,1,0.039,ppm,36,Aurora East,17,100,44201,Ozone,87,19740,"Denver-Aurora-Lakewood, CO",8,Colorado,5,Arapahoe,39.638522,-104.569335
1/12/2023,AQS,80050006,1,0.046,ppm,43,Aurora East,17,100,44201,Ozone,87,19740,"Denver-Aurora-Lakewood, CO",8,Colorado,5,Arapahoe,39.638522,-104.569335
1/13/2023,AQS,80050006,1,0.045,ppm,42,Aurora East,17,100,44201,Ozone,87,19740,"Denver-Aurora-Lakewood, CO",8,Colorado,5,Arapahoe,39.638522,-104.569335
1/14/2023,AQS,80050006,1,0.04,ppm,37,Aurora East,17,100,44201,Ozone,87,19740,"Denver-Aurora-Lakewood, CO",8,Colorado,5,Arapahoe,39.638522,-104.569335
1/15/2023,AQS,80050006,1,0.032,ppm,30,Aurora East,17,100,44201,Ozone,87,19740,"Denver-Aurora-Lakewood, CO",8,Colorado,5,Arapahoe,39.638522,-104.569335
1/16/2023,AQS,80050006,1,0.042,ppm,39,Aurora East,17,100,44201,Ozone,87,19740,"Denver-Aurora-Lakewood, CO",8,Colorado,5,Arapahoe,39.638522,-104.569335
1/17/2023,AQS,80050006,1,0.032,ppm,30,Aurora East,17,100,44201,Ozone,87,19740,"Denver-Aurora-Lakewood, CO",8,Colorado,5,Arapahoe,39.638522,-104.569335
1/18/2023,AQS,80050006,1,0.039,ppm,36,Aurora East,17,100,44201,Ozone,87,19740,"Denver-Aurora-Lakewood, CO",8,Colorado,5,Arapahoe,39.638522,-104.569335
1/19/2023,AQS,80050006,1,0.049,ppm,45,Aurora East,17,100,44201,Ozone,87,19740,"Denver-Aurora-Lakewood, CO",8,Colorado,5,Arapahoe,39.638522,-104.569335
1/20/2023,AQS,80050006,1,0.034,ppm,31,Aurora East,17,100,44201,Ozone,87,19740,"Denver-Aurora-Lakewood, CO",8,Colorado,5,Arapahoe,39.638522,-104.569335
1/21/2023,AQS,80050006,1,0.042,ppm,39,Aurora East,17,100,44201,Ozone,87,19740,"Denver-Aurora-Lakewood, CO",8,Colorado,5,Arapahoe,39.638522,-104.569335
1/22/2023,AQS,80050006,1,0.051,ppm,47,Aurora East,17,100,44201,Ozone,87,19740,"Denver-Aurora-Lakewood, CO",8,Colorado,5,Arapahoe,39.638522,-104.569335
1/23/2023,AQS,80050006,1,0.044,ppm,41,Aurora East,17,100,44201,Ozone,87,19740,"Denver-Aurora-Lakewood, CO",8,Colorado,5,Arapahoe,39.638522,-104.569335
1/24/2023,AQS,80050006,1,0.047,ppm,44,Aurora East,17,100,44201,Ozone,87,19740,"Denver-Aurora-Lakewood, CO",8,Colorado,5,Arapahoe,39.638522,-104.569335
1/25/2023,AQS,80050006,1,0.039,ppm,36,Aurora East,17,100,44201,Ozone,87,19740,"Denver-Aurora-Lakewood, CO",8,Colorado,5,Arapahoe,39.638522,-104.569335
1/26/2023,AQS,80050006,1,0.044,ppm,41,Aurora East,17,100,44201,Ozone,87,19740,"Denver-Aurora-Lakewood, CO",8,Colorado,5,Arapahoe,39.638522,-104.569335
1/27/2023,AQS,80050006,1,0.045,ppm,42,Aurora East,17,100,44201,Ozone,87,19740,"Denver-Aurora-Lakewood, CO",8,Colorado,5,Arapahoe,39.638522,-104.569335
1/28/2023,AQS,80050006,1,0.039,ppm,36,Aurora East,17,100,44201,Ozone,87,19740,"Denver-Aurora-Lakewood, CO",8,Colorado,5,Arapahoe,39.638522,-104.569335
1/29/2023,AQS,80050006,1,0.039,ppm,36,Aurora East,17,100,44201,Ozone,87,19740,"Denver-Aurora-Lakewood, CO",8,Colorado,5,Arapahoe,39.638522,-104.569335
1/30/2023,AQS,80050006,1,0.042,ppm,39,Aurora East,17,100,44201,Ozone,87,19740,"Denver-Aurora-Lakewood, CO",8,Colorado,5,Arapahoe,39.638522,-104.569335
1/31/2023,AQS,80050006,1,0.053,ppm,49,Aurora East,17,100,44201,Ozone,87,19740,"Denver-Aurora-Lakewood, CO",8,Colorado,5,Arapahoe,39.638522,-104.569335
2/1/2023,AQS,80050006,1,0.053,ppm,49,Aurora East,17,100,44201,Ozone,87,19740,"Denver-Aurora-Lakewood, CO",8,Colorado,5,Arapahoe,39.638522,-104.569335
2/2/2023,AQS,80050006,1,0.052,ppm,48,Aurora East,17,100,44201,Ozone,87,19740,"Denver-Aurora-Lakewood, CO",8,Colorado,5,Arapahoe,39.638522,-104.569335
2/3/2023,AQS,80050006,1,0.053,ppm,49,Aurora East,17,100,44201,Ozone,87,19740,"Denver-Aurora-Lakewood, CO",8,Colorado,5,Arapahoe,39.638522,-104.569335
2/4/2023,AQS,80050006,1,0.051,ppm,47,Aurora East,17,100,44201,Ozone,87,19740,"Denver-Aurora-Lakewood, CO",8,Colorado,5,Arapahoe,39.638522,-104.569335
2/5/2023,AQS,80050006,1,0.053,ppm,49,Aurora East,17,100,44201,Ozone,87,19740,"Denver-Aurora-Lakewood, CO",8,Colorado,5,Arapahoe,39.638522,-104.569335
2/6/2023,AQS,80050006,1,0.048,ppm,44,Aurora East,17,100,44201,Ozone,87,19740,"Denver-Aurora-Lakewood, CO",8,Colorado,5,Arapahoe,39.638522,-104.569335
2/7/2023,AQS,80050006,1,0.046,ppm,43,Aurora East,17,100,44201,Ozone,87,19740,"Denver-Aurora-Lakewood, CO",8,Colorado,5,Arapahoe,39.638522,-104.569335
2/8/2023,AQS,80050006,1,0.05,ppm,46,Aurora East,17,100,44201,Ozone,87,19740,"Denver-Aurora-Lakewood, CO",8,Colorado,5,Arapahoe,39.638522,-104.569335
2/9/2023,AQS,80050006,1,0.046,ppm,43,Aurora East,17,100,44201,Ozone,87,19740,"Denver-Aurora-Lakewood, CO",8,Colorado,5,Arapahoe,39.638522,-104.569335
2/10/2023,AQS,80050006,1,0.051,ppm,47,Aurora East,17,100,44201,Ozone,87,19740,"Denver-Aurora-Lakewood, CO",8,Colorado,5,Arapahoe,39.638522,-104.569335
2/11/2023,AQS,80050006,1,0.041,ppm,38,Aurora East,17,100,44201,Ozone,87,19740,"Denver-Aurora-Lakewood, CO",8,Colorado,5,Arapahoe,39.638522,-104.569335
2/12/2023,AQS,80050006,1,0.05,ppm,46,Aurora East,17,100,44201,Ozone,87,19740,"Denver-Aurora-Lakewood, CO",8,Colorado,5,Arapahoe,39.638522,-104.569335
2/13/2023,AQS,80050006,1,0.045,ppm,42,Aurora East,17,100,44201,Ozone,87,19740,"Denver-Aurora-Lakewood, CO",8,Colorado,5,Arapahoe,39.638522,-104.569335
2/14/2023,AQS,80050006,1,0.05,ppm,46,Aurora East,17,100,44201,Ozone,87,19740,"Denver-Aurora-Lakewood, CO",8,Colorado,5,Arapahoe,39.638522,-104.569335
2/15/2023,AQS,80050006,1,0.042,ppm,39,Aurora East,17,100,44201,Ozone,87,19740,"Denver-Aurora-Lakewood, CO",8,Colorado,5,Arapahoe,39.638522,-104.569335
2/16/2023,AQS,80050006,1,0.05,ppm,46,Aurora East,17,100,44201,Ozone,87,19740,"Denver-Aurora-Lakewood, CO",8,Colorado,5,Arapahoe,39.638522,-104.569335
2/17/2023,AQS,80050006,1,0.05,ppm,46,Aurora East,17,100,44201,Ozone,87,19740,"Denver-Aurora-Lakewood, CO",8,Colorado,5,Arapahoe,39.638522,-104.569335
2/18/2023,AQS,80050006,1,0.052,ppm,48,Aurora East,17,100,44201,Ozone,87,19740,"Denver-Aurora-Lakewood, CO",8,Colorado,5,Arapahoe,39.638522,-104.569335
2/19/2023,AQS,80050006,1,0.055,ppm,51,Aurora East,17,100,44201,Ozone,87,19740,"Denver-Aurora-Lakewood, CO",8,Colorado,5,Arapahoe,39.638522,-104.569335
2/20/2023,AQS,80050006,1,0.041,ppm,38,Aurora East,17,100,44201,Ozone,87,19740,"Denver-Aurora-Lakewood, CO",8,Colorado,5,Arapahoe,39.638522,-104.569335
2/21/2023,AQS,80050006,1,0.043,ppm,40,Aurora East,17,100,44201,Ozone,87,19740,"Denver-Aurora-Lakewood, CO",8,Colorado,5,Arapahoe,39.638522,-104.569335
2/22/2023,AQS,80050006,1,0.039,ppm,36,Aurora East,17,100,44201,Ozone,87,19740,"Denver-Aurora-Lakewood, CO",8,Colorado,5,Arapahoe,39.638522,-104.569335
2/23/2023,AQS,80050006,1,0.042,ppm,39,Aurora East,17,100,44201,Ozone,87,19740,"Denver-Aurora-Lakewood, CO",8,Colorado,5,Arapahoe,39.638522,-104.569335
2/24/2023,AQS,80050006,1,0.048,ppm,44,Aurora East,17,100,44201,Ozone,87,19740,"Denver-Aurora-Lakewood, CO",8,Colorado,5,Arapahoe,39.638522,-104.569335
2/25/2023,AQS,80050006,1,0.047,ppm,44,Aurora East,17,100,44201,Ozone,87,19740,"Denver-Aurora-Lakewood, CO",8,Colorado,5,Arapahoe,39.638522,-104.569335
2/26/2023,AQS,80050006,1,0.047,ppm,44,Aurora East,17,100,44201,Ozone,87,19740,"Denver-Aurora-Lakewood, CO",8,Colorado,5,Arapahoe,39.638522,-104.569335
2/27/2023,AQS,80050006,1,0.056,ppm,54,Aurora East,17,100,44201,Ozone,87,19740,"Denver-Aurora-Lakewood, CO",8,Colorado,5,Arapahoe,39.638522,-104.569335
2/28/2023,AQS,80050006,1,0.048,ppm,44,Aurora East,17,100,44201,Ozone,87,19740,"Denver-Aurora-Lakewood, CO",8,Colorado,5,Arapahoe,39.638522,-104.569335
3/1/2023,AQS,80050006,1,0.043,ppm,40,Aurora East,17,100,44201,Ozone,87,19740,"Denver-Aurora-Lakewood, CO",8,Colorado,5,Arapahoe,39.638522,-104.569335
3/2/2023,AQS,80050006,1,0.042,ppm,39,Aurora East,17,100,44201,Ozone,87,19740,"Denver-Aurora-Lakewood, CO",8,Colorado,5,Arapahoe,39.638522,-104.569335
3/3/2023,AQS,80050006,1,0.046,ppm,43,Aurora East,17,100,44201,Ozone,87,19740,"Denver-Aurora-Lakewood, CO",8,Colorado,5,Arapahoe,39.638522,-104.569335
3/4/2023,AQS,80050006,1,0.043,ppm,40,Aurora East,17,100,44201,Ozone,87,19740,"Denver-Aurora-Lakewood, CO",8,Colorado,5,Arapahoe,39.638522,-104.569335
3/5/2023,AQS,80050006,1,0.052,ppm,48,Aurora East,17,100,44201,Ozone,87,19740,"Denver-Aurora-Lakewood, CO",8,Colorado,5,Arapahoe,39.638522,-104.569335
3/6/2023,AQS,80050006,1,0.049,ppm,45,Aurora East,17,100,44201,Ozone,87,19740,"Denver-Aurora-Lakewood, CO",8,Colorado,5,Arapahoe,39.638522,-104.569335
3/7/2023,AQS,80050006,1,0.029,ppm,27,Aurora East,17,100,44201,Ozone,87,19740,"Denver-Aurora-Lakewood, CO",8,Colorado,5,Arapahoe,39.638522,-104.569335
3/8/2023,AQS,80050006,1,0.035,ppm,32,Aurora East,17,100,44201,Ozone,87,19740,"Denver-Aurora-Lakewood, CO",8,Colorado,5,Arapahoe,39.638522,-104.569335
3/9/2023,AQS,80050006,1,0.053,ppm,49,Aurora East,17,100,44201,Ozone,87,19740,"Denver-Aurora-Lakewood, CO",8,Colorado,5,Arapahoe,39.638522,-104.569335
3/10/2023,AQS,80050006,1,0.039,ppm,36,Aurora East,17,100,44201,Ozone,87,19740,"Denver-Aurora-Lakewood, CO",8,Colorado,5,Arapahoe,39.638522,-104.569335
3/11/2023,AQS,80050006,1,0.053,ppm,49,Aurora East,17,100,44201,Ozone,87,19740,"Denver-Aurora-Lakewood, CO",8,Colorado,5,Arapahoe,39.638522,-104.569335
3/12/2023,AQS,80050006,1,0.044,ppm,41,Aurora East,17,100,44201,Ozone,87,19740,"Denver-Aurora-Lakewood, CO",8,Colorado,5,Arapahoe,39.638522,-104.569335
3/13/2023,AQS,80050006,1,0.044,ppm,41,Aurora East,17,100,44201,Ozone,87,19740,"Denver-Aurora-Lakewood, CO",8,Colorado,5,Arapahoe,39.638522,-104.569335
3/14/2023,AQS,80050006,1,0.052,ppm,48,Aurora East,17,100,44201,Ozone,87,19740,"Denver-Aurora-Lakewood, CO",8,Colorado,5,Arapahoe,39.638522,-104.569335
3/15/2023,AQS,80050006,1,0.043,ppm,40,Aurora East,17,100,44201,Ozone,87,19740,"Denver-Aurora-Lakewood, CO",8,Colorado,5,Arapahoe,39.638522,-104.569335
3/16/2023,AQS,80050006,1,0.046,ppm,43,Aurora East,17,100,44201,Ozone,87,19740,"Denver-Aurora-Lakewood, CO",8,Colorado,5,Arapahoe,39.638522,-104.569335
3/17/2023,AQS,80050006,1,0.052,ppm,48,Aurora East,17,100,44201,Ozone,87,19740,"Denver-Aurora-Lakewood, CO",8,Colorado,5,Arapahoe,39.638522,-104.569335
3/18/2023,AQS,80050006,1,0.051,ppm,47,Aurora East,17,100,44201,Ozone,87,19740,"Denver-Aurora-Lakewood, CO",8,Colorado,5,Arapahoe,39.638522,-104.569335
3/19/2023,AQS,80050006,1,0.053,ppm,49,Aurora East,17,100,44201,Ozone,87,19740,"Denver-Aurora-Lakewood, CO",8,Colorado,5,Arapahoe,39.638522,-104.569335
3/20/2023,AQS,80050006,1,0.052,ppm,48,Aurora East,17,100,44201,Ozone,87,19740,"Denver-Aurora-Lakewood, CO",8,Colorado,5,Arapahoe,39.638522,-104.569335
3/21/2023,AQS,80050006,1,0.051,ppm,47,Aurora East,17,100,44201,Ozone,87,19740,"Denver-Aurora-Lakewood, CO",8,Colorado,5,Arapahoe,39.638522,-104.569335
3/22/2023,AQS,80050006,1,0.039,ppm,36,Aurora East,17,100,44201,Ozone,87,19740,"Denver-Aurora-Lakewood, CO",8,Colorado,5,Arapahoe,39.638522,-104.569335
3/23/2023,AQS,80050006,1,0.057,ppm,58,Aurora East,17,100,44201,Ozone,87,19740,"Denver-Aurora-Lakewood, CO",8,Colorado,5,Arapahoe,39.638522,-104.569335
3/24/2023,AQS,80050006,1,0.057,ppm,58,Aurora East,17,100,44201,Ozone,87,19740,"Denver-Aurora-Lakewood, CO",8,Colorado,5,Arapahoe,39.638522,-104.569335
3/25/2023,AQS,80050006,1,0.053,ppm,49,Aurora East,17,100,44201,Ozone,87,19740,"Denver-Aurora-Lakewood, CO",8,Colorado,5,Arapahoe,39.638522,-104.569335
3/26/2023,AQS,80050006,1,0.055,ppm,51,Aurora East,17,100,44201,Ozone,87,19740,"Denver-Aurora-Lakewood, CO",8,Colorado,5,Arapahoe,39.638522,-104.569335
3/27/2023,AQS,80050006,1,0.052,ppm,48,Aurora East,17,100,44201,Ozone,87,19740,"Denver-Aurora-Lakewood, CO",8,Colorado,5,Arapahoe,39.638522,-104.569335
3/28/2023,AQS,80050006,1,0.051,ppm,47,Aurora East,17,100,44201,Ozone,87,19740,"Denver-Aurora-Lakewood, CO",8,Colorado,5,Arapahoe,39.638522,-104.569335
3/29/2023,AQS,80050006,1,0.044,ppm,41,Aurora East,17,100,44201,Ozone,87,19740,"Denver-Aurora-Lakewood, CO",8,Colorado,5,Arapahoe,39.638522,-104.569335
3/30/2023,AQS,80050006,1,0.059,ppm,64,Aurora East,17,100,44201,Ozone,87,19740,"Denver-Aurora-Lakewood, CO",8,Colorado,5,Arapahoe,39.638522,-104.569335
3/31/2023,AQS,80050006,1,0.051,ppm,47,Aurora East,17,100,44201,Ozone,87,19740,"Denver-Aurora-Lakewood, CO",8,Colorado,5,Arapahoe,39.638522,-104.569335
4/1/2023,AQS,80050006,1,0.053,ppm,49,Aurora East,17,100,44201,Ozone,87,19740,"Denver-Aurora-Lakewood, CO",8,Colorado,5,Arapahoe,39.638522,-104.569335
4/2/2023,AQS,80050006,1,0.057,ppm,58,Aurora East,17,100,44201,Ozone,87,19740,"Denver-Aurora-Lakewood, CO",8,Colorado,5,Arapahoe,39.638522,-104.569335
4/3/2023,AQS,80050006,1,0.048,ppm,44,Aurora East,17,100,44201,Ozone,87,19740,"Denver-Aurora-Lakewood, CO",8,Colorado,5,Arapahoe,39.638522,-104.569335
4/4/2023,AQS,80050006,1,0.044,ppm,41,Aurora East,17,100,44201,Ozone,87,19740,"Denver-Aurora-Lakewood, CO",8,Colorado,5,Arapahoe,39.638522,-104.569335
4/5/2023,AQS,80050006,1,0.048,ppm,44,Aurora East,17,100,44201,Ozone,87,19740,"Denver-Aurora-Lakewood, CO",8,Colorado,5,Arapahoe,39.638522,-104.569335
4/6/2023,AQS,80050006,1,0.056,ppm,54,Aurora East,17,100,44201,Ozone,87,19740,"Denver-Aurora-Lakewood, CO",8,Colorado,5,Arapahoe,39.638522,-104.569335
4/10/2023,AQS,80050006,1,0.058,ppm,61,Aurora East,16,94,44201,Ozone,87,19740,"Denver-Aurora-Lakewood, CO",8,Colorado,5,Arapahoe,39.638522,-104.569335
4/11/2023,AQS,80050006,1,0.065,ppm,84,Aurora East,17,100,44201,Ozone,87,19740,"Denver-Aurora-Lakewood, CO",8,Colorado,5,Arapahoe,39.638522,-104.569335
4/12/2023,AQS,80050006,1,0.059,ppm,64,Aurora East,17,100,44201,Ozone,87,19740,"Denver-Aurora-Lakewood, CO",8,Colorado,5,Arapahoe,39.638522,-104.569335
4/13/2023,AQS,80050006,1,0.058,ppm,61,Aurora East,17,100,44201,Ozone,87,19740,"Denver-Aurora-Lakewood, CO",8,Colorado,5,Arapahoe,39.638522,-104.569335
4/14/2023,AQS,80050006,1,0.041,ppm,38,Aurora East,17,100,44201,Ozone,87,19740,"Denver-Aurora-Lakewood, CO",8,Colorado,5,Arapahoe,39.638522,-104.569335
4/15/2023,AQS,80050006,1,0.052,ppm,48,Aurora East,17,100,44201,Ozone,87,19740,"Denver-Aurora-Lakewood, CO",8,Colorado,5,Arapahoe,39.638522,-104.569335
4/24/2023,AQS,80050006,1,0.062,ppm,74,Aurora East,13,76,44201,Ozone,87,19740,"Denver-Aurora-Lakewood, CO",8,Colorado,5,Arapahoe,39.638522,-104.569335
4/25/2023,AQS,80050006,1,0.054,ppm,50,Aurora East,17,100,44201,Ozone,87,19740,"Denver-Aurora-Lakewood, CO",8,Colorado,5,Arapahoe,39.638522,-104.569335
4/26/2023,AQS,80050006,1,0.049,ppm,45,Aurora East,13,76,44201,Ozone,87,19740,"Denver-Aurora-Lakewood, CO",8,Colorado,5,Arapahoe,39.638522,-104.569335
4/27/2023,AirNow,80050006,1,0.054,ppm,50,Aurora East,18,75,44201,Ozone,,19740,"Denver-Aurora-Lakewood, CO",8,Colorado,5,Arapahoe,39.638522,-104.569335
4/28/2023,AirNow,80050006,1,0.054,ppm,50,Aurora East,24,100,44201,Ozone,,19740,"Denver-Aurora-Lakewood, CO",8,Colorado,5,Arapahoe,39.638522,-104.569335
4/29/2023,AQS,80050006,1,0.052,ppm,48,Aurora East,17,100,44201,Ozone,87,19740,"Denver-Aurora-Lakewood, CO",8,Colorado,5,Arapahoe,39.638522,-104.569335
4/30/2023,AQS,80050006,1,0.053,ppm,49,Aurora East,17,100,44201,Ozone,87,19740,"Denver-Aurora-Lakewood, CO",8,Colorado,5,Arapahoe,39.638522,-104.569335
5/1/2023,AQS,80050006,1,0.055,ppm,51,Aurora East,17,100,44201,Ozone,87,19740,"Denver-Aurora-Lakewood, CO",8,Colorado,5,Arapahoe,39.638522,-104.569335
5/2/2023,AQS,80050006,1,0.058,ppm,61,Aurora East,17,100,44201,Ozone,87,19740,"Denver-Aurora-Lakewood, CO",8,Colorado,5,Arapahoe,39.638522,-104.569335
5/3/2023,AQS,80050006,1,0.063,ppm,77,Aurora East,17,100,44201,Ozone,87,19740,"Denver-Aurora-Lakewood, CO",8,Colorado,5,Arapahoe,39.638522,-104.569335
5/4/2023,AQS,80050006,1,0.058,ppm,61,Aurora East,17,100,44201,Ozone,87,19740,"Denver-Aurora-Lakewood, CO",8,Colorado,5,Arapahoe,39.638522,-104.569335
5/5/2023,AQS,80050006,1,0.064,ppm,80,Aurora East,17,100,44201,Ozone,87,19740,"Denver-Aurora-Lakewood, CO",8,Colorado,5,Arapahoe,39.638522,-104.569335
5/6/2023,AQS,80050006,1,0.06,ppm,67,Aurora East,17,100,44201,Ozone,87,19740,"Denver-Aurora-Lakewood, CO",8,Colorado,5,Arapahoe,39.638522,-104.569335
5/7/2023,AQS,80050006,1,0.059,ppm,64,Aurora East,17,100,44201,Ozone,87,19740,"Denver-Aurora-Lakewood, CO",8,Colorado,5,Arapahoe,39.638522,-104.569335
5/8/2023,AQS,80050006,1,0.055,ppm,51,Aurora East,17,100,44201,Ozone,87,19740,"Denver-Aurora-Lakewood, CO",8,Colorado,5,Arapahoe,39.638522,-104.569335
5/9/2023,AQS,80050006,1,0.06,ppm,67,Aurora East,17,100,44201,Ozone,87,19740,"Denver-Aurora-Lakewood, CO",8,Colorado,5,Arapahoe,39.638522,-104.569335
5/10/2023,AirNow,80050006,1,0.051,ppm,47,Aurora East,18,75,44201,Ozone,,19740,"Denver-Aurora-Lakewood, CO",8,Colorado,5,Arapahoe,39.638522,-104.569335
5/16/2023,AQS,80050006,1,0.062,ppm,74,Aurora East,17,100,44201,Ozone,87,19740,"Denver-Aurora-Lakewood, CO",8,Colorado,5,Arapahoe,39.638522,-104.569335
5/17/2023,AQS,80050006,1,0.068,ppm,93,Aurora East,15,88,44201,Ozone,87,19740,"Denver-Aurora-Lakewood, CO",8,Colorado,5,Arapahoe,39.638522,-104.569335
5/18/2023,AQS,80050006,1,0.056,ppm,54,Aurora East,17,100,44201,Ozone,87,19740,"Denver-Aurora-Lakewood, CO",8,Colorado,5,Arapahoe,39.638522,-104.569335
5/19/2023,AQS,80050006,1,0.047,ppm,44,Aurora East,17,100,44201,Ozone,87,19740,"Denver-Aurora-Lakewood, CO",8,Colorado,5,Arapahoe,39.638522,-104.569335
5/20/2023,AQS,80050006,1,0.062,ppm,74,Aurora East,17,100,44201,Ozone,87,19740,"Denver-Aurora-Lakewood, CO",8,Colorado,5,Arapahoe,39.638522,-104.569335
5/21/2023,AQS,80050006,1,0.064,ppm,80,Aurora East,17,100,44201,Ozone,87,19740,"Denver-Aurora-Lakewood, CO",8,Colorado,5,Arapahoe,39.638522,-104.569335
5/22/2023,AQS,80050006,1,0.073,ppm,108,Aurora East,17,100,44201,Ozone,87,19740,"Denver-Aurora-Lakewood, CO",8,Colorado,5,Arapahoe,39.638522,-104.569335
5/23/2023,AQS,80050006,1,0.081,ppm,136,Aurora East,17,100,44201,Ozone,87,19740,"Denver-Aurora-Lakewood, CO",8,Colorado,5,Arapahoe,39.638522,-104.569335
5/24/2023,AQS,80050006,1,0.053,ppm,49,Aurora East,17,100,44201,Ozone,87,19740,"Denver-Aurora-Lakewood, CO",8,Colorado,5,Arapahoe,39.638522,-104.569335
5/25/2023,AQS,80050006,1,0.053,ppm,49,Aurora East,17,100,44201,Ozone,87,19740,"Denver-Aurora-Lakewood, CO",8,Colorado,5,Arapahoe,39.638522,-104.569335
5/26/2023,AQS,80050006,1,0.05,ppm,46,Aurora East,17,100,44201,Ozone,87,19740,"Denver-Aurora-Lakewood, CO",8,Colorado,5,Arapahoe,39.638522,-104.569335
5/27/2023,AQS,80050006,1,0.054,ppm,50,Aurora East,17,100,44201,Ozone,87,19740,"Denver-Aurora-Lakewood, CO",8,Colorado,5,Arapahoe,39.638522,-104.569335
5/28/2023,AQS,80050006,1,0.059,ppm,64,Aurora East,17,100,44201,Ozone,87,19740,"Denver-Aurora-Lakewood, CO",8,Colorado,5,Arapahoe,39.638522,-104.569335
5/29/2023,AQS,80050006,1,0.057,ppm,58,Aurora East,17,100,44201,Ozone,87,19740,"Denver-Aurora-Lakewood, CO",8,Colorado,5,Arapahoe,39.638522,-104.569335
5/30/2023,AQS,80050006,1,0.057,ppm,58,Aurora East,17,100,44201,Ozone,87,19740,"Denver-Aurora-Lakewood, CO",8,Colorado,5,Arapahoe,39.638522,-104.569335
5/31/2023,AQS,80050006,1,0.057,ppm,58,Aurora East,17,100,44201,Ozone,87,19740,"Denver-Aurora-Lakewood, CO",8,Colorado,5,Arapahoe,39.638522,-104.569335
6/1/2023,AQS,80050006,1,0.058,ppm,61,Aurora East,17,100,44201,Ozone,87,19740,"Denver-Aurora-Lakewood, CO",8,Colorado,5,Arapahoe,39.638522,-104.569335
6/2/2023,AQS,80050006,1,0.059,ppm,64,Aurora East,17,100,44201,Ozone,87,19740,"Denver-Aurora-Lakewood, CO",8,Colorado,5,Arapahoe,39.638522,-104.569335
6/3/2023,AQS,80050006,1,0.057,ppm,58,Aurora East,17,100,44201,Ozone,87,19740,"Denver-Aurora-Lakewood, CO",8,Colorado,5,Arapahoe,39.638522,-104.569335
6/4/2023,AQS,80050006,1,0.053,ppm,49,Aurora East,17,100,44201,Ozone,87,19740,"Denver-Aurora-Lakewood, CO",8,Colorado,5,Arapahoe,39.638522,-104.569335
6/5/2023,AQS,80050006,1,0.054,ppm,50,Aurora East,17,100,44201,Ozone,87,19740,"Denver-Aurora-Lakewood, CO",8,Colorado,5,Arapahoe,39.638522,-104.569335
6/6/2023,AQS,80050006,1,0.054,ppm,50,Aurora East,17,100,44201,Ozone,87,19740,"Denver-Aurora-Lakewood, CO",8,Colorado,5,Arapahoe,39.638522,-104.569335
6/7/2023,AQS,80050006,1,0.058,ppm,61,Aurora East,17,100,44201,Ozone,87,19740,"Denver-Aurora-Lakewood, CO",8,Colorado,5,Arapahoe,39.638522,-104.569335
6/8/2023,AQS,80050006,1,0.066,ppm,87,Aurora East,17,100,44201,Ozone,87,19740,"Denver-Aurora-Lakewood, CO",8,Colorado,5,Arapahoe,39.638522,-104.569335
6/9/2023,AQS,80050006,1,0.059,ppm,64,Aurora East,17,100,44201,Ozone,87,19740,"Denver-Aurora-Lakewood, CO",8,Colorado,5,Arapahoe,39.638522,-104.569335
6/10/2023,AQS,80050006,1,0.064,ppm,80,Aurora East,17,100,44201,Ozone,87,19740,"Denver-Aurora-Lakewood, CO",8,Colorado,5,Arapahoe,39.638522,-104.569335
6/11/2023,AQS,80050006,1,0.056,ppm,54,Aurora East,17,100,44201,Ozone,87,19740,"Denver-Aurora-Lakewood, CO",8,Colorado,5,Arapahoe,39.638522,-104.569335
6/12/2023,AQS,80050006,1,0.054,ppm,50,Aurora East,17,100,44201,Ozone,87,19740,"Denver-Aurora-Lakewood, CO",8,Colorado,5,Arapahoe,39.638522,-104.569335
6/13/2023,AQS,80050006,1,0.054,ppm,50,Aurora East,17,100,44201,Ozone,87,19740,"Denver-Aurora-Lakewood, CO",8,Colorado,5,Arapahoe,39.638522,-104.569335
6/14/2023,AQS,80050006,1,0.052,ppm,48,Aurora East,17,100,44201,Ozone,87,19740,"Denver-Aurora-Lakewood, CO",8,Colorado,5,Arapahoe,39.638522,-104.569335
6/15/2023,AQS,80050006,1,0.056,ppm,54,Aurora East,17,100,44201,Ozone,87,19740,"Denver-Aurora-Lakewood, CO",8,Colorado,5,Arapahoe,39.638522,-104.569335
6/16/2023,AQS,80050006,1,0.045,ppm,42,Aurora East,17,100,44201,Ozone,87,19740,"Denver-Aurora-Lakewood, CO",8,Colorado,5,Arapahoe,39.638522,-104.569335
6/17/2023,AQS,80050006,1,0.054,ppm,50,Aurora East,13,76,44201,Ozone,87,19740,"Denver-Aurora-Lakewood, CO",8,Colorado,5,Arapahoe,39.638522,-104.569335
6/18/2023,AirNow,80050006,1,0.052,ppm,48,Aurora East,24,100,44201,Ozone,,19740,"Denver-Aurora-Lakewood, CO",8,Colorado,5,Arapahoe,39.638522,-104.569335
6/19/2023,AirNow,80050006,1,0.058,ppm,61,Aurora East,24,100,44201,Ozone,,19740,"Denver-Aurora-Lakewood, CO",8,Colorado,5,Arapahoe,39.638522,-104.569335
6/20/2023,AQS,80050006,1,0.06,ppm,67,Aurora East,17,100,44201,Ozone,87,19740,"Denver-Aurora-Lakewood, CO",8,Colorado,5,Arapahoe,39.638522,-104.569335
6/21/2023,AQS,80050006,1,0.053,ppm,49,Aurora East,17,100,44201,Ozone,87,19740,"Denver-Aurora-Lakewood, CO",8,Colorado,5,Arapahoe,39.638522,-104.569335
6/22/2023,AQS,80050006,1,0.052,ppm,48,Aurora East,17,100,44201,Ozone,87,19740,"Denver-Aurora-Lakewood, CO",8,Colorado,5,Arapahoe,39.638522,-104.569335
6/23/2023,AQS,80050006,1,0.048,ppm,44,Aurora East,17,100,44201,Ozone,87,19740,"Denver-Aurora-Lakewood, CO",8,Colorado,5,Arapahoe,39.638522,-104.569335
6/24/2023,AQS,80050006,1,0.065,ppm,84,Aurora East,17,100,44201,Ozone,87,19740,"Denver-Aurora-Lakewood, CO",8,Colorado,5,Arapahoe,39.638522,-104.569335
6/25/2023,AQS,80050006,1,0.049,ppm,45,Aurora East,13,76,44201,Ozone,87,19740,"Denver-Aurora-Lakewood, CO",8,Colorado,5,Arapahoe,39.638522,-104.569335
6/26/2023,AirNow,80050006,1,0.047,ppm,44,Aurora East,24,100,44201,Ozone,,19740,"Denver-Aurora-Lakewood, CO",8,Colorado,5,Arapahoe,39.638522,-104.569335
6/27/2023,AQS,80050006,1,0.047,ppm,44,Aurora East,17,100,44201,Ozone,87,19740,"Denver-Aurora-Lakewood, CO",8,Colorado,5,Arapahoe,39.638522,-104.569335
6/28/2023,AQS,80050006,1,0.056,ppm,54,Aurora East,17,100,44201,Ozone,87,19740,"Denver-Aurora-Lakewood, CO",8,Colorado,5,Arapahoe,39.638522,-104.569335
6/29/2023,AQS,80050006,1,0.052,ppm,48,Aurora East,17,100,44201,Ozone,87,19740,"Denver-Aurora-Lakewood, CO",8,Colorado,5,Arapahoe,39.638522,-104.569335
6/30/2023,AQS,80050006,1,0.052,ppm,48,Aurora East,17,100,44201,Ozone,87,19740,"Denver-Aurora-Lakewood, CO",8,Colorado,5,Arapahoe,39.638522,-104.569335
7/1/2023,AQS,80050006,1,0.061,ppm,71,Aurora East,17,100,44201,Ozone,87,19740,"Denver-Aurora-Lakewood, CO",8,Colorado,5,Arapahoe,39.638522,-104.569335
7/2/2023,AQS,80050006,1,0.06,ppm,67,Aurora East,17,100,44201,Ozone,87,19740,"Denver-Aurora-Lakewood, CO",8,Colorado,5,Arapahoe,39.638522,-104.569335
7/3/2023,AQS,80050006,1,0.055,ppm,51,Aurora East,17,100,44201,Ozone,87,19740,"Denver-Aurora-Lakewood, CO",8,Colorado,5,Arapahoe,39.638522,-104.569335
7/4/2023,AQS,80050006,1,0.048,ppm,44,Aurora East,17,100,44201,Ozone,87,19740,"Denver-Aurora-Lakewood, CO",8,Colorado,5,Arapahoe,39.638522,-104.569335
7/5/2023,AQS,80050006,1,0.041,ppm,38,Aurora East,17,100,44201,Ozone,87,19740,"Denver-Aurora-Lakewood, CO",8,Colorado,5,Arapahoe,39.638522,-104.569335
7/6/2023,AQS,80050006,1,0.041,ppm,38,Aurora East,17,100,44201,Ozone,87,19740,"Denver-Aurora-Lakewood, CO",8,Colorado,5,Arapahoe,39.638522,-104.569335
7/7/2023,AQS,80050006,1,0.055,ppm,51,Aurora East,17,100,44201,Ozone,87,19740,"Denver-Aurora-Lakewood, CO",8,Colorado,5,Arapahoe,39.638522,-104.569335
7/8/2023,AQS,80050006,1,0.049,ppm,45,Aurora East,17,100,44201,Ozone,87,19740,"Denver-Aurora-Lakewood, CO",8,Colorado,5,Arapahoe,39.638522,-104.569335
7/9/2023,AQS,80050006,1,0.052,ppm,48,Aurora East,17,100,44201,Ozone,87,19740,"Denver-Aurora-Lakewood, CO",8,Colorado,5,Arapahoe,39.638522,-104.569335
7/10/2023,AQS,80050006,1,0.056,ppm,54,Aurora East,17,100,44201,Ozone,87,19740,"Denver-Aurora-Lakewood, CO",8,Colorado,5,Arapahoe,39.638522,-104.569335
7/11/2023,AQS,80050006,1,0.067,ppm,90,Aurora East,17,100,44201,Ozone,87,19740,"Denver-Aurora-Lakewood, CO",8,Colorado,5,Arapahoe,39.638522,-104.569335
7/12/2023,AQS,80050006,1,0.057,ppm,58,Aurora East,17,100,44201,Ozone,87,19740,"Denver-Aurora-Lakewood, CO",8,Colorado,5,Arapahoe,39.638522,-104.569335
7/13/2023,AQS,80050006,1,0.06,ppm,67,Aurora East,17,100,44201,Ozone,87,19740,"Denver-Aurora-Lakewood, CO",8,Colorado,5,Arapahoe,39.638522,-104.569335
7/14/2023,AQS,80050006,1,0.052,ppm,48,Aurora East,17,100,44201,Ozone,87,19740,"Denver-Aurora-Lakewood, CO",8,Colorado,5,Arapahoe,39.638522,-104.569335
7/15/2023,AQS,80050006,1,0.059,ppm,64,Aurora East,17,100,44201,Ozone,87,19740,"Denver-Aurora-Lakewood, CO",8,Colorado,5,Arapahoe,39.638522,-104.569335
7/16/2023,AQS,80050006,1,0.058,ppm,61,Aurora East,17,100,44201,Ozone,87,19740,"Denver-Aurora-Lakewood, CO",8,Colorado,5,Arapahoe,39.638522,-104.569335
7/17/2023,AQS,80050006,1,0.053,ppm,49,Aurora East,17,100,44201,Ozone,87,19740,"Denver-Aurora-Lakewood, CO",8,Colorado,5,Arapahoe,39.638522,-104.569335
7/18/2023,AQS,80050006,1,0.059,ppm,64,Aurora East,17,100,44201,Ozone,87,19740,"Denver-Aurora-Lakewood, CO",8,Colorado,5,Arapahoe,39.638522,-104.569335
7/19/2023,AQS,80050006,1,0.052,ppm,48,Aurora East,17,100,44201,Ozone,87,19740,"Denver-Aurora-Lakewood, CO",8,Colorado,5,Arapahoe,39.638522,-104.569335
7/20/2023,AQS,80050006,1,0.051,ppm,47,Aurora East,17,100,44201,Ozone,87,19740,"Denver-Aurora-Lakewood, CO",8,Colorado,5,Arapahoe,39.638522,-104.569335
7/21/2023,AQS,80050006,1,0.057,ppm,58,Aurora East,17,100,44201,Ozone,87,19740,"Denver-Aurora-Lakewood, CO",8,Colorado,5,Arapahoe,39.638522,-104.569335
7/22/2023,AQS,80050006,1,0.058,ppm,61,Aurora East,17,100,44201,Ozone,87,19740,"Denver-Aurora-Lakewood, CO",8,Colorado,5,Arapahoe,39.638522,-104.569335
7/23/2023,AQS,80050006,1,0.057,ppm,58,Aurora East,17,100,44201,Ozone,87,19740,"Denver-Aurora-Lakewood, CO",8,Colorado,5,Arapahoe,39.638522,-104.569335
7/24/2023,AQS,80050006,1,0.061,ppm,71,Aurora East,17,100,44201,Ozone,87,19740,"Denver-Aurora-Lakewood, CO",8,Colorado,5,Arapahoe,39.638522,-104.569335
7/25/2023,AQS,80050006,1,0.064,ppm,80,Aurora East,17,100,44201,Ozone,87,19740,"Denver-Aurora-Lakewood, CO",8,Colorado,5,Arapahoe,39.638522,-104.569335
7/26/2023,AQS,80050006,1,0.054,ppm,50,Aurora East,17,100,44201,Ozone,87,19740,"Denver-Aurora-Lakewood, CO",8,Colorado,5,Arapahoe,39.638522,-104.569335
7/27/2023,AQS,80050006,1,0.051,ppm,47,Aurora East,17,100,44201,Ozone,87,19740,"Denver-Aurora-Lakewood, CO",8,Colorado,5,Arapahoe,39.638522,-104.569335
7/28/2023,AQS,80050006,1,0.056,ppm,54,Aurora East,17,100,44201,Ozone,87,19740,"Denver-Aurora-Lakewood, CO",8,Colorado,5,Arapahoe,39.638522,-104.569335
7/29/2023,AQS,80050006,1,0.073,ppm,108,Aurora East,17,100,44201,Ozone,87,19740,"Denver-Aurora-Lakewood, CO",8,Colorado,5,Arapahoe,39.638522,-104.569335
7/30/2023,AQS,80050006,1,0.06,ppm,67,Aurora East,17,100,44201,Ozone,87,19740,"Denver-Aurora-Lakewood, CO",8,Colorado,5,Arapahoe,39.638522,-104.569335
7/31/2023,AQS,80050006,1,0.063,ppm,77,Aurora East,17,100,44201,Ozone,87,19740,"Denver-Aurora-Lakewood, CO",8,Colorado,5,Arapahoe,39.638522,-104.569335
8/1/2023,AQS,80050006,1,0.064,ppm,80,Aurora East,17,100,44201,Ozone,87,19740,"Denver-Aurora-Lakewood, CO",8,Colorado,5,Arapahoe,39.638522,-104.569335
8/2/2023,AQS,80050006,1,0.076,ppm,119,Aurora East,17,100,44201,Ozone,87,19740,"Denver-Aurora-Lakewood, CO",8,Colorado,5,Arapahoe,39.638522,-104.569335
8/3/2023,AQS,80050006,1,0.053,ppm,49,Aurora East,15,88,44201,Ozone,87,19740,"Denver-Aurora-Lakewood, CO",8,Colorado,5,Arapahoe,39.638522,-104.569335
8/8/2023,AQS,80050006,1,0.062,ppm,74,Aurora East,13,76,44201,Ozone,87,19740,"Denver-Aurora-Lakewood, CO",8,Colorado,5,Arapahoe,39.638522,-104.569335
8/9/2023,AQS,80050006,1,0.063,ppm,77,Aurora East,17,100,44201,Ozone,87,19740,"Denver-Aurora-Lakewood, CO",8,Colorado,5,Arapahoe,39.638522,-104.569335
8/10/2023,AQS,80050006,1,0.064,ppm,80,Aurora East,17,100,44201,Ozone,87,19740,"Denver-Aurora-Lakewood, CO",8,Colorado,5,Arapahoe,39.638522,-104.569335
8/11/2023,AQS,80050006,1,0.058,ppm,61,Aurora East,17,100,44201,Ozone,87,19740,"Denver-Aurora-Lakewood, CO",8,Colorado,5,Arapahoe,39.638522,-104.569335
8/12/2023,AQS,80050006,1,0.05,ppm,46,Aurora East,17,100,44201,Ozone,87,19740,"Denver-Aurora-Lakewood, CO",8,Colorado,5,Arapahoe,39.638522,-104.569335
8/13/2023,AQS,80050006,1,0.046,ppm,43,Aurora East,17,100,44201,Ozone,87,19740,"Denver-Aurora-Lakewood, CO",8,Colorado,5,Arapahoe,39.638522,-104.569335
8/14/2023,AirNow,80050006,1,0.052,ppm,48,Aurora East,24,100,44201,Ozone,,19740,"Denver-Aurora-Lakewood, CO",8,Colorado,5,Arapahoe,39.638522,-104.569335
8/15/2023,AQS,80050006,1,0.065,ppm,84,Aurora East,17,100,44201,Ozone,87,19740,"Denver-Aurora-Lakewood, CO",8,Colorado,5,Arapahoe,39.638522,-104.569335
8/16/2023,AQS,80050006,1,0.055,ppm,51,Aurora East,17,100,44201,Ozone,87,19740,"Denver-Aurora-Lakewood, CO",8,Colorado,5,Arapahoe,39.638522,-104.569335
8/17/2023,AQS,80050006,1,0.056,ppm,54,Aurora East,17,100,44201,Ozone,87,19740,"Denver-Aurora-Lakewood, CO",8,Colorado,5,Arapahoe,39.638522,-104.569335
8/18/2023,AQS,80050006,1,0.066,ppm,87,Aurora East,17,100,44201,Ozone,87,19740,"Denver-Aurora-Lakewood, CO",8,Colorado,5,Arapahoe,39.638522,-104.569335
8/19/2023,AQS,80050006,1,0.057,ppm,58,Aurora East,17,100,44201,Ozone,87,19740,"Denver-Aurora-Lakewood, CO",8,Colorado,5,Arapahoe,39.638522,-104.569335
8/20/2023,AQS,80050006,1,0.053,ppm,49,Aurora East,17,100,44201,Ozone,87,19740,"Denver-Aurora-Lakewood, CO",8,Colorado,5,Arapahoe,39.638522,-104.569335
8/21/2023,AQS,80050006,1,0.045,ppm,42,Aurora East,17,100,44201,Ozone,87,19740,"Denver-Aurora-Lakewood, CO",8,Colorado,5,Arapahoe,39.638522,-104.569335
8/22/2023,AQS,80050006,1,0.057,ppm,58,Aurora East,17,100,44201,Ozone,87,19740,"Denver-Aurora-Lakewood, CO",8,Colorado,5,Arapahoe,39.638522,-104.569335
8/23/2023,AQS,80050006,1,0.06,ppm,67,Aurora East,17,100,44201,Ozone,87,19740,"Denver-Aurora-Lakewood, CO",8,Colorado,5,Arapahoe,39.638522,-104.569335
8/24/2023,AQS,80050006,1,0.069,ppm,97,Aurora East,17,100,44201,Ozone,87,19740,"Denver-Aurora-Lakewood, CO",8,Colorado,5,Arapahoe,39.638522,-104.569335
8/25/2023,AQS,80050006,1,0.044,ppm,41,Aurora East,17,100,44201,Ozone,87,19740,"Denver-Aurora-Lakewood, CO",8,Colorado,5,Arapahoe,39.638522,-104.569335
8/26/2023,AQS,80050006,1,0.052,ppm,48,Aurora East,17,100,44201,Ozone,87,19740,"Denver-Aurora-Lakewood, CO",8,Colorado,5,Arapahoe,39.638522,-104.569335
8/27/2023,AQS,80050006,1,0.049,ppm,45,Aurora East,17,100,44201,Ozone,87,19740,"Denver-Aurora-Lakewood, CO",8,Colorado,5,Arapahoe,39.638522,-104.569335
8/28/2023,AQS,80050006,1,0.053,ppm,49,Aurora East,17,100,44201,Ozone,87,19740,"Denver-Aurora-Lakewood, CO",8,Colorado,5,Arapahoe,39.638522,-104.569335
8/29/2023,AQS,80050006,1,0.054,ppm,50,Aurora East,17,100,44201,Ozone,87,19740,"Denver-Aurora-Lakewood, CO",8,Colorado,5,Arapahoe,39.638522,-104.569335
8/30/2023,AQS,80050006,1,0.052,ppm,48,Aurora East,17,100,44201,Ozone,87,19740,"Denver-Aurora-Lakewood, CO",8,Colorado,5,Arapahoe,39.638522,-104.569335
8/31/2023,AQS,80050006,1,0.053,ppm,49,Aurora East,17,100,44201,Ozone,87,19740,"Denver-Aurora-Lakewood, CO",8,Colorado,5,Arapahoe,39.638522,-104.569335
9/1/2023,AQS,80050006,1,0.049,ppm,45,Aurora East,17,100,44201,Ozone,87,19740,"Denver-Aurora-Lakewood, CO",8,Colorado,5,Arapahoe,39.638522,-104.569335
9/2/2023,AQS,80050006,1,0.054,ppm,50,Aurora East,17,100,44201,Ozone,87,19740,"Denver-Aurora-Lakewood, CO",8,Colorado,5,Arapahoe,39.638522,-104.569335
9/3/2023,AQS,80050006,1,0.052,ppm,48,Aurora East,17,100,44201,Ozone,87,19740,"Denver-Aurora-Lakewood, CO",8,Colorado,5,Arapahoe,39.638522,-104.569335
9/4/2023,AQS,80050006,1,0.049,ppm,45,Aurora East,17,100,44201,Ozone,87,19740,"Denver-Aurora-Lakewood, CO",8,Colorado,5,Arapahoe,39.638522,-104.569335
9/5/2023,AQS,80050006,1,0.047,ppm,44,Aurora East,17,100,44201,Ozone,87,19740,"Denver-Aurora-Lakewood, CO",8,Colorado,5,Arapahoe,39.638522,-104.569335
9/6/2023,AQS,80050006,1,0.051,ppm,47,Aurora East,17,100,44201,Ozone,87,19740,"Denver-Aurora-Lakewood, CO",8,Colorado,5,Arapahoe,39.638522,-104.569335
9/7/2023,AQS,80050006,1,0.06,ppm,67,Aurora East,17,100,44201,Ozone,87,19740,"Denver-Aurora-Lakewood, CO",8,Colorado,5,Arapahoe,39.638522,-104.569335
9/8/2023,AQS,80050006,1,0.055,ppm,51,Aurora East,17,100,44201,Ozone,87,19740,"Denver-Aurora-Lakewood, CO",8,Colorado,5,Arapahoe,39.638522,-104.569335
9/9/2023,AQS,80050006,1,0.054,ppm,50,Aurora East,17,100,44201,Ozone,87,19740,"Denver-Aurora-Lakewood, CO",8,Colorado,5,Arapahoe,39.638522,-104.569335
9/10/2023,AQS,80050006,1,0.048,ppm,44,Aurora East,17,100,44201,Ozone,87,19740,"Denver-Aurora-Lakewood, CO",8,Colorado,5,Arapahoe,39.638522,-104.569335
9/11/2023,AQS,80050006,1,0.05,ppm,46,Aurora East,17,100,44201,Ozone,87,19740,"Denver-Aurora-Lakewood, CO",8,Colorado,5,Arapahoe,39.638522,-104.569335
9/12/2023,AQS,80050006,1,0.048,ppm,44,Aurora East,17,100,44201,Ozone,87,19740,"Denver-Aurora-Lakewood, CO",8,Colorado,5,Arapahoe,39.638522,-104.569335
9/13/2023,AQS,80050006,1,0.057,ppm,58,Aurora East,17,100,44201,Ozone,87,19740,"Denver-Aurora-Lakewood, CO",8,Colorado,5,Arapahoe,39.638522,-104.569335
9/14/2023,AQS,80050006,1,0.05,ppm,46,Aurora East,17,100,44201,Ozone,87,19740,"Denver-Aurora-Lakewood, CO",8,Colorado,5,Arapahoe,39.638522,-104.569335
9/15/2023,AQS,80050006,1,0.035,ppm,32,Aurora East,17,100,44201,Ozone,87,19740,"Denver-Aurora-Lakewood, CO",8,Colorado,5,Arapahoe,39.638522,-104.569335
9/16/2023,AQS,80050006,1,0.06,ppm,67,Aurora East,17,100,44201,Ozone,87,19740,"Denver-Aurora-Lakewood, CO",8,Colorado,5,Arapahoe,39.638522,-104.569335
9/17/2023,AQS,80050006,1,0.049,ppm,45,Aurora East,17,100,44201,Ozone,87,19740,"Denver-Aurora-Lakewood, CO",8,Colorado,5,Arapahoe,39.638522,-104.569335
9/18/2023,AQS,80050006,1,0.061,ppm,71,Aurora East,17,100,44201,Ozone,87,19740,"Denver-Aurora-Lakewood, CO",8,Colorado,5,Arapahoe,39.638522,-104.569335
9/19/2023,AQS,80050006,1,0.057,ppm,58,Aurora East,17,100,44201,Ozone,87,19740,"Denver-Aurora-Lakewood, CO",8,Colorado,5,Arapahoe,39.638522,-104.569335
9/20/2023,AQS,80050006,1,0.046,ppm,43,Aurora East,17,100,44201,Ozone,87,19740,"Denver-Aurora-Lakewood, CO",8,Colorado,5,Arapahoe,39.638522,-104.569335
9/21/2023,AQS,80050006,1,0.045,ppm,42,Aurora East,17,100,44201,Ozone,87,19740,"Denver-Aurora-Lakewood, CO",8,Colorado,5,Arapahoe,39.638522,-104.569335
9/22/2023,AQS,80050006,1,0.053,ppm,49,Aurora East,17,100,44201,Ozone,87,19740,"Denver-Aurora-Lakewood, CO",8,Colorado,5,Arapahoe,39.638522,-104.569335
9/23/2023,AQS,80050006,1,0.059,ppm,64,Aurora East,17,100,44201,Ozone,87,19740,"Denver-Aurora-Lakewood, CO",8,Colorado,5,Arapahoe,39.638522,-104.569335
9/24/2023,AQS,80050006,1,0.057,ppm,58,Aurora East,17,100,44201,Ozone,87,19740,"Denver-Aurora-Lakewood, CO",8,Colorado,5,Arapahoe,39.638522,-104.569335
9/25/2023,AQS,80050006,1,0.061,ppm,71,Aurora East,17,100,44201,Ozone,87,19740,"Denver-Aurora-Lakewood, CO",8,Colorado,5,Arapahoe,39.638522,-104.569335
9/26/2023,AQS,80050006,1,0.061,ppm,71,Aurora East,17,100,44201,Ozone,87,19740,"Denver-Aurora-Lakewood, CO",8,Colorado,5,Arapahoe,39.638522,-104.569335
9/27/2023,AQS,80050006,1,0.055,ppm,51,Aurora East,17,100,44201,Ozone,87,19740,"Denver-Aurora-Lakewood, CO",8,Colorado,5,Arapahoe,39.638522,-104.569335
9/28/2023,AQS,80050006,1,0.054,ppm,50,Aurora East,17,100,44201,Ozone,87,19740,"Denver-Aurora-Lakewood, CO",8,Colorado,5,Arapahoe,39.638522,-104.569335
9/29/2023,AQS,80050006,1,0.049,ppm,45,Aurora East,17,100,44201,Ozone,87,19740,"Denver-Aurora-Lakewood, CO",8,Colorado,5,Arapahoe,39.638522,-104.569335
9/30/2023,AQS,80050006,1,0.044,ppm,41,Aurora East,17,100,44201,Ozone,87,19740,"Denver-Aurora-Lakewood, CO",8,Colorado,5,Arapahoe,39.638522,-104.569335
10/1/2023,AQS,80050006,1,0.043,ppm,40,Aurora East,17,100,44201,Ozone,87,19740,"Denver-Aurora-Lakewood, CO",8,Colorado,5,Arapahoe,39.638522,-104.569335
10/2/2023,AQS,80050006,1,0.044,ppm,41,Aurora East,17,100,44201,Ozone,87,19740,"Denver-Aurora-Lakewood, CO",8,Colorado,5,Arapahoe,39.638522,-104.569335
10/3/2023,AQS,80050006,1,0.048,ppm,44,Aurora East,17,100,44201,Ozone,87,19740,"Denver-Aurora-Lakewood, CO",8,Colorado,5,Arapahoe,39.638522,-104.569335
10/4/2023,AQS,80050006,1,0.052,ppm,48,Aurora East,17,100,44201,Ozone,87,19740,"Denver-Aurora-Lakewood, CO",8,Colorado,5,Arapahoe,39.638522,-104.569335
10/5/2023,AQS,80050006,1,0.043,ppm,40,Aurora East,17,100,44201,Ozone,87,19740,"Denver-Aurora-Lakewood, CO",8,Colorado,5,Arapahoe,39.638522,-104.569335
10/6/2023,AQS,80050006,1,0.036,ppm,33,Aurora East,17,100,44201,Ozone,87,19740,"Denver-Aurora-Lakewood, CO",8,Colorado,5,Arapahoe,39.638522,-104.569335
10/7/2023,AQS,80050006,1,0.045,ppm,42,Aurora East,17,100,44201,Ozone,87,19740,"Denver-Aurora-Lakewood, CO",8,Colorado,5,Arapahoe,39.638522,-104.569335
10/8/2023,AQS,80050006,1,0.046,ppm,43,Aurora East,17,100,44201,Ozone,87,19740,"Denver-Aurora-Lakewood, CO",8,Colorado,5,Arapahoe,39.638522,-104.569335
10/9/2023,AQS,80050006,1,0.05,ppm,46,Aurora East,17,100,44201,Ozone,87,19740,"Denver-Aurora-Lakewood, CO",8,Colorado,5,Arapahoe,39.638522,-104.569335
10/10/2023,AQS,80050006,1,0.05,ppm,46,Aurora East,17,100,44201,Ozone,87,19740,"Denver-Aurora-Lakewood, CO",8,Colorado,5,Arapahoe,39.638522,-104.569335
10/11/2023,AQS,80050006,1,0.048,ppm,44,Aurora East,17,100,44201,Ozone,87,19740,"Denver-Aurora-Lakewood, CO",8,Colorado,5,Arapahoe,39.638522,-104.569335
10/12/2023,AQS,80050006,1,0.039,ppm,36,Aurora East,17,100,44201,Ozone,87,19740,"Denver-Aurora-Lakewood, CO",8,Colorado,5,Arapahoe,39.638522,-104.569335
10/13/2023,AQS,80050006,1,0.045,ppm,42,Aurora East,17,100,44201,Ozone,87,19740,"Denver-Aurora-Lakewood, CO",8,Colorado,5,Arapahoe,39.638522,-104.569335
10/14/2023,AQS,80050006,1,0.041,ppm,38,Aurora East,17,100,44201,Ozone,87,19740,"Denver-Aurora-Lakewood, CO",8,Colorado,5,Arapahoe,39.638522,-104.569335
10/15/2023,AQS,80050006,1,0.047,ppm,44,Aurora East,17,100,44201,Ozone,87,19740,"Denver-Aurora-Lakewood, CO",8,Colorado,5,Arapahoe,39.638522,-104.569335
10/16/2023,AQS,80050006,1,0.05,ppm,46,Aurora East,17,100,44201,Ozone,87,19740,"Denver-Aurora-Lakewood, CO",8,Colorado,5,Arapahoe,39.638522,-104.569335
10/17/2023,AQS,80050006,1,0.048,ppm,44,Aurora East,17,100,44201,Ozone,87,19740,"Denver-Aurora-Lakewood, CO",8,Colorado,5,Arapahoe,39.638522,-104.569335
10/18/2023,AQS,80050006,1,0.047,ppm,44,Aurora East,17,100,44201,Ozone,87,19740,"Denver-Aurora-Lakewood, CO",8,Colorado,5,Arapahoe,39.638522,-104.569335
10/19/2023,AQS,80050006,1,0.049,ppm,45,Aurora East,17,100,44201,Ozone,87,19740,"Denver-Aurora-Lakewood, CO",8,Colorado,5,Arapahoe,39.638522,-104.569335
10/20/2023,AQS,80050006,1,0.052,ppm,48,Aurora East,17,100,44201,Ozone,87,19740,"Denver-Aurora-Lakewood, CO",8,Colorado,5,Arapahoe,39.638522,-104.569335
10/21/2023,AQS,80050006,1,0.051,ppm,47,Aurora East,17,100,44201,Ozone,87,19740,"Denver-Aurora-Lakewood, CO",8,Colorado,5,Arapahoe,39.638522,-104.569335
10/22/2023,AQS,80050006,1,0.05,ppm,46,Aurora East,17,100,44201,Ozone,87,19740,"Denver-Aurora-Lakewood, CO",8,Colorado,5,Arapahoe,39.638522,-104.569335
10/23/2023,AQS,80050006,1,0.052,ppm,48,Aurora East,17,100,44201,Ozone,87,19740,"Denver-Aurora-Lakewood, CO",8,Colorado,5,Arapahoe,39.638522,-104.569335
10/24/2023,AQS,80050006,1,0.049,ppm,45,Aurora East,17,100,44201,Ozone,87,19740,"Denver-Aurora-Lakewood, CO",8,Colorado,5,Arapahoe,39.638522,-104.569335
10/25/2023,AQS,80050006,1,0.047,ppm,44,Aurora East,17,100,44201,Ozone,87,19740,"Denver-Aurora-Lakewood, CO",8,Colorado,5,Arapahoe,39.638522,-104.569335
10/26/2023,AQS,80050006,1,0.026,ppm,24,Aurora East,17,100,44201,Ozone,87,19740,"Denver-Aurora-Lakewood, CO",8,Colorado,5,Arapahoe,39.638522,-104.569335
10/27/2023,AQS,80050006,1,0.034,ppm,31,Aurora East,17,100,44201,Ozone,87,19740,"Denver-Aurora-Lakewood, CO",8,Colorado,5,Arapahoe,39.638522,-104.569335
10/28/2023,AQS,80050006,1,0.025,ppm,23,Aurora East,17,100,44201,Ozone,87,19740,"Denver-Aurora-Lakewood, CO",8,Colorado,5,Arapahoe,39.638522,-104.569335
10/29/2023,AQS,80050006,1,0.039,ppm,36,Aurora East,17,100,44201,Ozone,87,19740,"Denver-Aurora-Lakewood, CO",8,Colorado,5,Arapahoe,39.638522,-104.569335
10/30/2023,AQS,80050006,1,0.051,ppm,47,Aurora East,17,100,44201,Ozone,87,19740,"Denver-Aurora-Lakewood, CO",8,Colorado,5,Arapahoe,39.638522,-104.569335
10/31/2023,AQS,80050006,1,0.05,ppm,46,Aurora East,17,100,44201,Ozone,87,19740,"Denver-Aurora-Lakewood, CO",8,Colorado,5,Arapahoe,39.638522,-104.569335
11/1/2023,AQS,80050006,1,0.043,ppm,40,Aurora East,17,100,44201,Ozone,87,19740,"Denver-Aurora-Lakewood, CO",8,Colorado,5,Arapahoe,39.638522,-104.569335
11/2/2023,AQS,80050006,1,0.048,ppm,44,Aurora East,17,100,44201,Ozone,87,19740,"Denver-Aurora-Lakewood, CO",8,Colorado,5,Arapahoe,39.638522,-104.569335
11/3/2023,AQS,80050006,1,0.046,ppm,43,Aurora East,17,100,44201,Ozone,87,19740,"Denver-Aurora-Lakewood, CO",8,Colorado,5,Arapahoe,39.638522,-104.569335
11/4/2023,AQS,80050006,1,0.048,ppm,44,Aurora East,17,100,44201,Ozone,87,19740,"Denver-Aurora-Lakewood, CO",8,Colorado,5,Arapahoe,39.638522,-104.569335
11/5/2023,AQS,80050006,1,0.048,ppm,44,Aurora East,17,100,44201,Ozone,87,19740,"Denver-Aurora-Lakewood, CO",8,Colorado,5,Arapahoe,39.638522,-104.569335
11/6/2023,AQS,80050006,1,0.043,ppm,40,Aurora East,17,100,44201,Ozone,87,19740,"Denver-Aurora-Lakewood, CO",8,Colorado,5,Arapahoe,39.638522,-104.569335
11/7/2023,AQS,80050006,1,0.046,ppm,43,Aurora East,17,100,44201,Ozone,87,19740,"Denver-Aurora-Lakewood, CO",8,Colorado,5,Arapahoe,39.638522,-104.569335
11/8/2023,AQS,80050006,1,0.04,ppm,37,Aurora East,17,100,44201,Ozone,87,19740,"Denver-Aurora-Lakewood, CO",8,Colorado,5,Arapahoe,39.638522,-104.569335
11/9/2023,AQS,80050006,1,0.042,ppm,39,Aurora East,17,100,44201,Ozone,87,19740,"Denver-Aurora-Lakewood, CO",8,Colorado,5,Arapahoe,39.638522,-104.569335
11/10/2023,AQS,80050006,1,0.047,ppm,44,Aurora East,17,100,44201,Ozone,87,19740,"Denver-Aurora-Lakewood, CO",8,Colorado,5,Arapahoe,39.638522,-104.569335
11/11/2023,AQS,80050006,1,0.051,ppm,47,Aurora East,17,100,44201,Ozone,87,19740,"Denver-Aurora-Lakewood, CO",8,Colorado,5,Arapahoe,39.638522,-104.569335
11/12/2023,AQS,80050006,1,0.051,ppm,47,Aurora East,17,100,44201,Ozone,87,19740,"Denver-Aurora-Lakewood, CO",8,Colorado,5,Arapahoe,39.638522,-104.569335
11/13/2023,AQS,80050006,1,0.048,ppm,44,Aurora East,17,100,44201,Ozone,87,19740,"Denver-Aurora-Lakewood, CO",8,Colorado,5,Arapahoe,39.638522,-104.569335
11/14/2023,AQS,80050006,1,0.049,ppm,45,Aurora East,17,100,44201,Ozone,87,19740,"Denver-Aurora-Lakewood, CO",8,Colorado,5,Arapahoe,39.638522,-104.569335
11/15/2023,AQS,80050006,1,0.05,ppm,46,Aurora East,17,100,44201,Ozone,87,19740,"Denver-Aurora-Lakewood, CO",8,Colorado,5,Arapahoe,39.638522,-104.569335
11/16/2023,AQS,80050006,1,0.044,ppm,41,Aurora East,17,100,44201,Ozone,87,19740,"Denver-Aurora-Lakewood, CO",8,Colorado,5,Arapahoe,39.638522,-104.569335
11/17/2023,AQS,80050006,1,0.044,ppm,41,Aurora East,17,100,44201,Ozone,87,19740,"Denver-Aurora-Lakewood, CO",8,Colorado,5,Arapahoe,39.638522,-104.569335
11/18/2023,AQS,80050006,1,0.045,ppm,42,Aurora East,17,100,44201,Ozone,87,19740,"Denver-Aurora-Lakewood, CO",8,Colorado,5,Arapahoe,39.638522,-104.569335
11/19/2023,AQS,80050006,1,0.047,ppm,44,Aurora East,17,100,44201,Ozone,87,19740,"Denver-Aurora-Lakewood, CO",8,Colorado,5,Arapahoe,39.638522,-104.569335
11/20/2023,AQS,80050006,1,0.031,ppm,29,Aurora East,17,100,44201,Ozone,87,19740,"Denver-Aurora-Lakewood, CO",8,Colorado,5,Arapahoe,39.638522,-104.569335
11/21/2023,AQS,80050006,1,0.039,ppm,36,Aurora East,17,100,44201,Ozone,87,19740,"Denver-Aurora-Lakewood, CO",8,Colorado,5,Arapahoe,39.638522,-104.569335
11/22/2023,AQS,80050006,1,0.05,ppm,46,Aurora East,17,100,44201,Ozone,87,19740,"Denver-Aurora-Lakewood, CO",8,Colorado,5,Arapahoe,39.638522,-104.569335
11/23/2023,AQS,80050006,1,0.035,ppm,32,Aurora East,17,100,44201,Ozone,87,19740,"Denver-Aurora-Lakewood, CO",8,Colorado,5,Arapahoe,39.638522,-104.569335
11/24/2023,AQS,80050006,1,0.027,ppm,25,Aurora East,17,100,44201,Ozone,87,19740,"Denver-Aurora-Lakewood, CO",8,Colorado,5,Arapahoe,39.638522,-104.569335
11/25/2023,AQS,80050006,1,0.037,ppm,34,Aurora East,17,100,44201,Ozone,87,19740,"Denver-Aurora-Lakewood, CO",8,Colorado,5,Arapahoe,39.638522,-104.569335
11/26/2023,AQS,80050006,1,0.045,ppm,42,Aurora East,17,100,44201,Ozone,87,19740,"Denver-Aurora-Lakewood, CO",8,Colorado,5,Arapahoe,39.638522,-104.569335
11/27/2023,AQS,80050006,1,0.046,ppm,43,Aurora East,17,100,44201,Ozone,87,19740,"Denver-Aurora-Lakewood, CO",8,Colorado,5,Arapahoe,39.638522,-104.569335
11/28/2023,AQS,80050006,1,0.047,ppm,44,Aurora East,17,100,44201,Ozone,87,19740,"Denver-Aurora-Lakewood, CO",8,Colorado,5,Arapahoe,39.638522,-104.569335
11/29/2023,AQS,80050006,1,0.048,ppm,44,Aurora East,17,100,44201,Ozone,87,19740,"Denver-Aurora-Lakewood, CO",8,Colorado,5,Arapahoe,39.638522,-104.569335
11/30/2023,AQS,80050006,1,0.042,ppm,39,Aurora East,17,100,44201,Ozone,87,19740,"Denver-Aurora-Lakewood, CO",8,Colorado,5,Arapahoe,39.638522,-104.569335
12/1/2023,AQS,80050006,1,0.039,ppm,36,Aurora East,17,100,44201,Ozone,87,19740,"Denver-Aurora-Lakewood, CO",8,Colorado,5,Arapahoe,39.638522,-104.569335
12/2/2023,AQS,80050006,1,0.045,ppm,42,Aurora East,17,100,44201,Ozone,87,19740,"Denver-Aurora-Lakewood, CO",8,Colorado,5,Arapahoe,39.638522,-104.569335
12/3/2023,AQS,80050006,1,0.045,ppm,42,Aurora East,17,100,44201,Ozone,87,19740,"Denver-Aurora-Lakewood, CO",8,Colorado,5,Arapahoe,39.638522,-104.569335
12/4/2023,AQS,80050006,1,0.041,ppm,38,Aurora East,17,100,44201,Ozone,87,19740,"Denver-Aurora-Lakewood, CO",8,Colorado,5,Arapahoe,39.638522,-104.569335
12/5/2023,AQS,80050006,1,0.041,ppm,38,Aurora East,17,100,44201,Ozone,87,19740,"Denver-Aurora-Lakewood, CO",8,Colorado,5,Arapahoe,39.638522,-104.569335
12/6/2023,AQS,80050006,1,0.045,ppm,42,Aurora East,17,100,44201,Ozone,87,19740,"Denver-Aurora-Lakewood, CO",8,Colorado,5,Arapahoe,39.638522,-104.569335
12/7/2023,AQS,80050006,1,0.046,ppm,43,Aurora East,17,100,44201,Ozone,87,19740,"Denver-Aurora-Lakewood, CO",8,Colorado,5,Arapahoe,39.638522,-104.569335
12/8/2023,AQS,80050006,1,0.041,ppm,38,Aurora East,17,100,44201,Ozone,87,19740,"Denver-Aurora-Lakewood, CO",8,Colorado,5,Arapahoe,39.638522,-104.569335
12/9/2023,AQS,80050006,1,0.038,ppm,35,Aurora East,17,100,44201,Ozone,87,19740,"Denver-Aurora-Lakewood, CO",8,Colorado,5,Arapahoe,39.638522,-104.569335
12/10/2023,AQS,80050006,1,0.044,ppm,41,Aurora East,17,100,44201,Ozone,87,19740,"Denver-Aurora-Lakewood, CO",8,Colorado,5,Arapahoe,39.638522,-104.569335
12/11/2023,AQS,80050006,1,0.042,ppm,39,Aurora East,17,100,44201,Ozone,87,19740,"Denver-Aurora-Lakewood, CO",8,Colorado,5,Arapahoe,39.638522,-104.569335
12/12/2023,AQS,80050006,1,0.026,ppm,24,Aurora East,17,100,44201,Ozone,87,19740,"Denver-Aurora-Lakewood, CO",8,Colorado,5,Arapahoe,39.638522,-104.569335
12/13/2023,AQS,80050006,1,0.029,ppm,27,Aurora East,17,100,44201,Ozone,87,19740,"Denver-Aurora-Lakewood, CO",8,Colorado,5,Arapahoe,39.638522,-104.569335
12/14/2023,AQS,80050006,1,0.03,ppm,28,Aurora East,17,100,44201,Ozone,87,19740,"Denver-Aurora-Lakewood, CO",8,Colorado,5,Arapahoe,39.638522,-104.569335
12/15/2023,AQS,80050006,1,0.04,ppm,37,Aurora East,17,100,44201,Ozone,87,19740,"Denver-Aurora-Lakewood, CO",8,Colorado,5,Arapahoe,39.638522,-104.569335
12/16/2023,AQS,80050006,1,0.044,ppm,41,Aurora East,17,100,44201,Ozone,87,19740,"Denver-Aurora-Lakewood, CO",8,Colorado,5,Arapahoe,39.638522,-104.569335
12/17/2023,AQS,80050006,1,0.045,ppm,42,Aurora East,17,100,44201,Ozone,87,19740,"Denver-Aurora-Lakewood, CO",8,Colorado,5,Arapahoe,39.638522,-104.569335
12/18/2023,AQS,80050006,1,0.042,ppm,39,Aurora East,17,100,44201,Ozone,87,19740,"Denver-Aurora-Lakewood, CO",8,Colorado,5,Arapahoe,39.638522,-104.569335
12/19/2023,AQS,80050006,1,0.044,ppm,41,Aurora East,17,100,44201,Ozone,87,19740,"Denver-Aurora-Lakewood, CO",8,Colorado,5,Arapahoe,39.638522,-104.569335
12/20/2023,AQS,80050006,1,0.036,ppm,33,Aurora East,17,100,44201,Ozone,87,19740,"Denver-Aurora-Lakewood, CO",8,Colorado,5,Arapahoe,39.638522,-104.569335
12/21/2023,AQS,80050006,1,0.04,ppm,37,Aurora East,17,100,44201,Ozone,87,19740,"Denver-Aurora-Lakewood, CO",8,Colorado,5,Arapahoe,39.638522,-104.569335
12/22/2023,AQS,80050006,1,0.045,ppm,42,Aurora East,17,100,44201,Ozone,87,19740,"Denver-Aurora-Lakewood, CO",8,Colorado,5,Arapahoe,39.638522,-104.569335
12/23/2023,AQS,80050006,1,0.035,ppm,32,Aurora East,17,100,44201,Ozone,87,19740,"Denver-Aurora-Lakewood, CO",8,Colorado,5,Arapahoe,39.638522,-104.569335
12/24/2023,AQS,80050006,1,0.041,ppm,38,Aurora East,17,100,44201,Ozone,87,19740,"Denver-Aurora-Lakewood, CO",8,Colorado,5,Arapahoe,39.638522,-104.569335
12/25/2023,AQS,80050006,1,0.044,ppm,41,Aurora East,17,100,44201,Ozone,87,19740,"Denver-Aurora-Lakewood, CO",8,Colorado,5,Arapahoe,39.638522,-104.569335
12/26/2023,AQS,80050006,1,0.045,ppm,42,Aurora East,17,100,44201,Ozone,87,19740,"Denver-Aurora-Lakewood, CO",8,Colorado,5,Arapahoe,39.638522,-104.569335
12/27/2023,AQS,80050006,1,0.045,ppm,42,Aurora East,17,100,44201,Ozone,87,19740,"Denver-Aurora-Lakewood, CO",8,Colorado,5,Arapahoe,39.638522,-104.569335
12/28/2023,AQS,80050006,1,0.044,ppm,41,Aurora East,17,100,44201,Ozone,87,19740,"Denver-Aurora-Lakewood, CO",8,Colorado,5,Arapahoe,39.638522,-104.569335
12/29/2023,AQS,80050006,1,0.048,ppm,44,Aurora East,17,100,44201,Ozone,87,19740,"Denver-Aurora-Lakewood, CO",8,Colorado,5,Arapahoe,39.638522,-104.569335
12/30/2023,AQS,80050006,1,0.045,ppm,42,Aurora East,17,100,44201,Ozone,87,19740,"Denver-Aurora-Lakewood, CO",8,Colorado,5,Arapahoe,39.638522,-104.569335
12/31/2023,AirNow,80050006,1,0.037,ppm,34,Aurora East,19,79,44201,Ozone,,19740,"Denver-Aurora-Lakewood, CO",8,Colorado,5,Arapahoe,39.638522,-104.569335
